Business Name,Note,Contact Name,Demo URL,Demo Site Name,CH Number,Email Address,Address,Town,Postcode,Date Added,Trade Category,Business Type,Email Source URL,Data Source,Date First Contacted,Do Not Contact,Prospect Segment,Email Thread ID,Last Email Sent,Website URL,Campaign_URL,utm_campaign,utm_content,utm_medium,utm_source
"Sarsen, kitchen and bathroom installations",,,,,,gazzastrat123@gmail.com,,,,06/04/2026 12:00,Kitchen Fitter,Individual - Sole Trader,,Facebook - test import,,No,B - Growth Phase,,,,,,,,
MARS Painting and Decorating | Devizes,,,,,,steveclarke1990@outlook.com,,Devizes,SN10 5HQ,06/04/2026 22:00,Painter & Decorator,Unknown,,https://www.facebook.com/p/MARS-Painting-and-Decorating-61568744271140/,,No,,,,,,,,,
C.R.S Painting | Gillingham,,,,,,crspaintingdorset@gmail.com,,Gillingham,SP8 4UW,06/04/2026 22:00,Painter & Decorator,Unknown,,https://www.facebook.com/c.r.spaintingdorset/,,No,,,,,,,,,
"Different Strokes, Painting and Decorating | Swindon",,,,,,ryanwheeler8@msn.com,,Swindon,SN25 1QJ,06/04/2026 22:00,Painter & Decorator,Unknown,,https://www.facebook.com/differentstrokespaintinganddecorating/,,No,A - Established,,,,,,,,
Handy Harris Handyman Services | Rhondda,,,,,,leeharris799@googlemail.com,,Rhondda,,07/04/2026 00:00,Carpenter / Joiner,Individual - Sole Trader,,https://www.facebook.com/p/Handy-Harris-Handyman-Services-100057660210402/,,No,A - Established,,,,,,,,
S Lucas Carpentry,,,,,,s.lucas2002@outlook.com,,trowbridge,,07/04/2026 00:00,Carpenter / Joiner,Individual - Sole Trader,,https://www.facebook.com/p/S-Lucas-Carpentry-61572973542668/,,No,B - Growth Phase,,,,,,,,
Maagi Bespoke Carpentry | Corsham,,,,,,maagibespokecarpentry@gmail.com,,United Kingdom,,07/04/2026 00:01,Carpenter / Joiner,Unknown,,https://www.facebook.com/MaagiBespoke/,,No,,,,,,,,,
Stu Flippance Carpentry  | Melksham,,,,,,stu_flippance@hotmail.co.uk,,Melksham,,07/04/2026 00:01,Carpenter / Joiner,Unknown,,https://www.facebook.com/people/Stu-Flippance-Carpentry/61552213972420/,,No,,,,,,,,,
Dead on Carpentry  | Melksham,,,,,,deadoncarpentry576@gmail.com,,Melksham,,07/04/2026 00:01,Carpenter / Joiner,Unknown,,https://www.facebook.com/p/Dead-on-Carpentry-100095668147506/,,No,,,,,,,,,
AC Carpentry | Chippenham,,,,,,ac.carpentry366@yahoo.com,,Chippenham,SN14 0PJ,07/04/2026 00:01,Carpenter / Joiner,Unknown,,https://www.facebook.com/people/AC-Carpentry/61574235400762/,,No,,,,,,,,,
24 8 Woodwork,,,,,,248woodwork@gmail.com,,,SN3 2AQ,07/04/2026 00:01,Carpenter / Joiner,Unknown,,https://www.facebook.com/B.R.Planters/,,No,,,,,,,,,
L.T.M Carpentry,,,,,,ltmcarpentry3@gmail.com,,,,07/04/2026 00:01,Carpenter / Joiner,Unknown,,https://www.facebook.com/ltmcarpentry/,,No,,,,,,,,,
Bath & Wiltshire Tiling | Trowbridge,,,,,,bathandwiltshiretiling@gmail.com,,Trowbridge,BA14 9QP,07/04/2026 02:00,Tiler,Unknown,,https://www.facebook.com/Bathandwiltshiretiling,,No,,,,,,,,,
Wiltshire Expert Tiling | Melksham,,,,,,wilts.expert@gmail.com,,United Kingdom,,07/04/2026 02:00,Tiler,Unknown,,https://www.facebook.com/WiltshireExpertTiling/,,No,,,,,,,,,
JW Tiling & Bathroom Installations | Castle Cary,,,,,,jameswenglorz@hotmail.co.uk,,United Kingdom,,07/04/2026 02:00,Tiler,Unknown,,https://www.facebook.com/jwtilingandbathrooms/,,No,,,,,,,,,
ACC Tiling and Flooring | Salisbury,,,,,,ash.c.coleman@googlemail.com,,Salisbury,,07/04/2026 02:00,Tiler,Unknown,,https://www.facebook.com/people/ACC-Tiling-and-Flooring/61555515323086/,,No,,,,,,,,,
Dempsey’s Roofing | Salisbury,,,,,15471478,dempseysroofing@gmail.com,,Salisbury,,07/04/2026 04:00,Roofer,Corporate - Ltd,,https://www.facebook.com/jjroofing/,,No,B - Growth Phase,,,,,,,,
Triton roofing & fascias | Calne,,,,,,triton_roofingandfascias@hotmail.com,,Calne,,07/04/2026 04:00,Roofer,Unknown,,https://www.facebook.com/tritonroofingandfascias/,,No,,,,,,,,,
B J Hammond Roofing,,,,,,enquiries@bjhammondroofingltd.co.uk,,,,07/04/2026 04:00,Roofer,Unknown,,https://www.facebook.com/bjhammondroofingltd/,,No,,,,,,,,,
Brandon Roofing Services | Shrivenham,,,,,,brandonroofingservices@gmail.com,,Shrivenham,SN6 8EE,07/04/2026 04:01,Roofer,Unknown,,https://www.facebook.com/p/Brandon-Roofing-Services-61553651092896/,,No,,,,,,,,,
JTL Electricals | Westbury,,,,,,jtlelectricals@gmail.com,,Westbury,,07/04/2026 06:00,Electrician,Unknown,,https://www.facebook.com/JTLElectricals/,,No,,,,,,,,,
Repair It Ross Handyman Services | Shepton Mallet,,,,,,ross.buildaid@gmail.com,,Shepton Mallet,BA4 4SA,07/04/2026 10:30,Handyman,Unknown,,https://www.facebook.com/RepairitRoss/,,No,,,,,,,,,
The Veteran Handyman | Padstow,,,,,11559707,dave0872@icloud.com,,Padstow,,07/04/2026 10:30,Handyman,Unknown,,https://www.facebook.com/p/The-Veteran-Handyman-100090534600789/,,No,B - Growth Phase,,,,,,,,
Eco Cleaning Co | Bradford-on-Avon,,,,,,ecocleaningwiltshire@gmail.com,,United Kingdom,,07/04/2026 12:00,Commercial Cleaner,Unknown,,https://www.facebook.com/ecocleaningwiltshire/,,No,,,,,,,,,
Wiltshire Window / Gutter Cleaning Specialists | Salisbury,,,,,,adam_wootton@yahoo.com,,Salisbury,SP2 8FL,07/04/2026 12:00,Commercial Cleaner,Unknown,,https://www.facebook.com/WiltshireWindowandGutterCleaning/,,No,,,,,,,,,
Dream Clean Wiltshire | Trowbridge,,,,,,dreamclean96@outlook.com,,Trowbridge,BA14 8TE,07/04/2026 12:00,Commercial Cleaner,Unknown,,https://www.facebook.com/p/Dream-Clean-Wiltshire-61567916829814/,,No,,,,,,,,,
Mai-Jay carpet and upholstery cleaning,,,,,7666948,maijaycarpetclean@gmail.com,,Salisbury,,07/04/2026 12:10,Commercial Cleaner,Unknown,,https://www.facebook.com/p/Mai-Jay-carpet-and-upholstery-cleaning-100076266518735/,,No,A - Established,,,,,,,,
Cleaner Windows / Man With a Van | Trowbridge,,,,,,matthewbillingswakerley@gmail.com,,Trowbridge,,07/04/2026 12:10,Commercial Cleaner,Unknown,,https://www.facebook.com/Cleanerwindowswilthsire/,,No,,,,,,,,,
Ramsbury Cleaning,,,,,,ramsburycleaning@outlook.com,,,,07/04/2026 12:10,Commercial Cleaner,Unknown,,https://www.facebook.com/people/Ramsbury-Cleaning/61564026287497/,,No,,,,,,,,,
Quick-Lee Cleaners | Wootton Bassett,,,,,,quickleecleaners@gmail.com,,Wootton Bassett,SN4 7AX,07/04/2026 12:20,Commercial Cleaner,Unknown,,https://www.facebook.com/p/Quick-Lee-Cleaners-100063934838464/,,No,,,,,,,,,
JS block paving | Portsmouth,,,,,,jsblockpaving@yahoo.co.uk,,Portsmouth,,07/04/2026 16:40,Driveway / Paving Contractor,Unknown,,https://www.facebook.com/p/JS-block-paving-100063593791445/,,No,,,,https://www.checkatrade.com/trades/jsblockpavingandlandscapes,,,,,
Whitfield Plastering & Rendering | Wimborne Minster,,,,,,whitfieldplastering@hotmail.com,,Wimborne Minster,,07/04/2026 17:30,Plasterer,Unknown,,https://www.facebook.com/p/Whitfield-Plastering-Rendering-61557424393570/,,No,,,,,,,,,
Will Christopher Plastering Services | Chippenham,,,,,,wchristopherplastering@gmail.com,,Chippenham,,07/04/2026 17:30,Plasterer,Unknown,,https://www.facebook.com/willchristopherplasteringservices/,,No,,,,,,,,,
C.Serretta Plastering,,,,,,carlsummers27@gmail.com,,,,07/04/2026 17:30,Plasterer,Unknown,,https://www.facebook.com/people/CSerretta-Plastering/100079937427117/,,No,,,,,,,,,
C.Mizen Plastering,,,,,,connormizen@hotmail.com,,,,07/04/2026 17:30,Plasterer,Unknown,,https://www.facebook.com/p/CMizen-Plastering-100068033544054/,,No,,,,,,,,,
PJK Painting & Plastering | Tisbury,,,,,,pking.2011@outlook.com,,Tisbury,,07/04/2026 17:30,Plasterer,Unknown,,https://www.facebook.com/p/PJK-Painting-Plastering-100065306538008/,,No,,,,,,,,,
C.W Plastering | Mayfield,,,,,,wiltshirechris@outlook.com,,United Kingdom,,07/04/2026 17:30,Plasterer,Unknown,,https://www.facebook.com/p/CW-Plastering-100063558847863/,,No,,,,,,,,,
RLG Kitchen & Bathroom Installations,,,,,,ricardo.gomes@live.co.uk,,,,07/04/2026 17:30,Plasterer,Individual - Sole Trader,,https://www.facebook.com/rlgplastering/,,No,B - Growth Phase,,,,,,,,
Knight and Riddell Plastering Ltd  | Chippenham,,,,,,enquiries@kandr-group.com,,Chippenham,SN14 0ZE,07/04/2026 17:40,Plasterer,Unknown,,https://www.facebook.com/p/Knight-and-Riddell-Plastering-Ltd-100091364670446/,,No,,,,,,,,,
Homer Plastering and dry lining | Devizes,,,,,,homersplastering@mail.com,,Devizes,,07/04/2026 17:40,Plasterer,Unknown,,https://www.facebook.com/p/Homer-Plastering-and-dry-lining-61558798122928/,,No,B - Growth Phase,,,,,,,,
Becky Ward - Blush Painting and Decorating,,,,,,somersetbex@gmail.com,,,,07/04/2026 18:20,Painter & Decorator,Unknown,,https://www.facebook.com/blushpaint/,,No,,,,,,,,,
The Bisley Carpenter,,,,,,bisleycarpenter@outlook.com,,,,07/04/2026 20:00,Carpenter / Joiner,Unknown,,https://www.facebook.com/p/The-Bisley-Carpenter-100057433600423/,,No,,,,,,,,,
Gareth Evans Carpentry | New Quay,,,,,,garethevanscarpenrty@mail.com,,New Quay,SA44 6NG,07/04/2026 20:10,Carpenter / Joiner,Unknown,,https://www.facebook.com/garethevanscarpentry/,,No,,,,,,,,,
J Parker Traditional Carpentry & Building | Evesham,,,,,,jparker80@hotmail.co.uk,,Evesham,,07/04/2026 20:10,Carpenter / Joiner,Unknown,,https://www.facebook.com/jpcarpentryandbuilding/,,No,,,,,,,,,
L J Morse Carpentry | Sharpness,,,,,,leighmorse@hotmail.co.uk,,Sharpness,GL13 9UU,07/04/2026 20:20,Carpenter / Joiner,Unknown,,https://www.facebook.com/LJMORSECARPENTRY/,,No,,,,,,,,,
Josh Innes Carpentry & Maintenance Services | Gloucester,,,,,,joshua_innes@outlook.com,,Gloucester,GL4 6BG,07/04/2026 20:20,Carpenter / Joiner,Unknown,,https://www.facebook.com/joshinnescarpentry/,,No,,,,,,,,,
PB Bespoke Carpentry Services | Chepstow,,,,,,pbbespokecarpentry@gmail.com,,Chepstow,,07/04/2026 20:20,Carpenter / Joiner,Individual - Sole Trader,,https://www.facebook.com/pbbespokecarpentryservices/,,No,B - Growth Phase,,,,,,,,
Hector Electrical | Church Langley,,,,,,dan_hector@hotmail.com,,United Kingdom,,07/04/2026 22:40,Electrician,Unknown,,https://www.facebook.com/Hectorelectricalltd/,,No,,,,,,,,,
A P Electrical | Bath,,,,,,apelectrical.21@gmail.com,,United Kingdom,,07/04/2026 22:40,Electrician,Unknown,,https://www.facebook.com/APElectricalradstock/,,No,,,,,,,,,
Flower and Field Gardens,,,,,,enquiries@flowerandfieldgardens.com,,,,08/04/2026 04:50,Landscaper / Garden Designer,Unknown,,https://www.facebook.com/FlowerandFieldGardens/,,No,,,,,,,,,
S.s plastering | Bath,,,,,,s.splastering-home-diy@outlook.com,,Bath,BA2 8JL,08/04/2026 06:10,Plasterer,Unknown,,https://www.facebook.com/s.splastering2002/,,No,B - Growth Phase,,,,,,,,
A & B Decorating Services Bristol,,,,,,aandbdecoratingservices@outlook.com,,,,08/04/2026 06:50,Painter & Decorator,Unknown,,https://www.facebook.com/aandbdecoratingservices/,,No,,,,,,,,,
J Morgan Decorating | Bristol,,,,,,jmorgandecorating@outlook.com,,Bristol,,08/04/2026 06:50,Painter & Decorator,Unknown,,https://www.facebook.com/p/J-Morgan-Decorating-61555268159664/,,No,,,,,,,,,
JB Painting | Bristol,,,,,,jburge@hotmail.co.uk,,United Kingdom,,08/04/2026 06:50,Painter & Decorator,Individual - Sole Trader,,https://www.facebook.com/jbpainting74/,,No,B - Growth Phase,,,,,,,,
Decorate-her | Pucklechurch,,,,,,decorateher.pd@gmail.com,,Pucklechurch,BS16 9PN,08/04/2026 06:50,Painter & Decorator,Unknown,,https://www.facebook.com/decorateher.pd/,,No,,,,,,,,,
Uplands Decorating Services | Cheddar,,,,,,uplandsdecorating@hotmail.com,,Cheddar,,08/04/2026 06:50,Painter & Decorator,Unknown,,https://www.facebook.com/p/Uplands-Decorating-Services-100063691775104/,,No,,,,,,,,,
DeKor UK,,,,,,dekoruk2022@gmail.com,,,,08/04/2026 06:50,Painter & Decorator,Unknown,,https://www.facebook.com/DeKorUK2022/,,No,,,,,,,,,
Best Coat Decorating,,,,,,bestcoatdecorating@gmail.com,,,,08/04/2026 06:50,Painter & Decorator,Individual - Sole Trader,,https://www.facebook.com/BestCoatDecorating/,,No,B - Growth Phase,,,,,,,,
Nik Keevil Design | Bristol,,,,,,nik@keevildesign.co.uk,,Bristol,BS16 5SU,08/04/2026 07:00,Painter & Decorator,Unknown,,https://www.facebook.com/nikkeevildesign/,,No,,,,http://www.facebook.com/nikkeevildesign,,,,,
Green Decorating Bristol,,,,,,greendecoratingbristol@gmail.com,,,,08/04/2026 07:00,Painter & Decorator,Individual - Sole Trader,,https://www.facebook.com/GreenDecoratingBristol/,,No,A - Established,,,,,,,,
Fresco Artistic Decorating | Bristol,,,,,,lachaplininteriors.int@gmail.com,,United Kingdom,,08/04/2026 07:00,Painter & Decorator,Unknown,,https://www.facebook.com/FrescoArtisticDecorating/,,No,,,,,,,,,
Scott Feltham Decorating | Bristol,,,,,,scottfelthamdecorating@live.com,,Bristol,,08/04/2026 07:00,Painter & Decorator,Unknown,,https://www.facebook.com/scottfelthamdecorating/,,No,,,,,,,,,
Chew valley decorating | Bristol,,,,,,cvdecorating0@gmail.com,,Bristol,,08/04/2026 07:10,Painter & Decorator,Unknown,,https://www.facebook.com/liamgriffindecorating/,,No,,,,,,,,,
D.F Painters and Decorators Bristol,,,,,,davidfaur2006@yahoo.com,,Bristol,BS6 5PU,08/04/2026 07:10,Painter & Decorator,Individual - Sole Trader,,ChIJRScam9uPcUgRb2_OGqVcW0w,,No,B - Growth Phase,,,,,,,,
SW Carpentry  | Oxford,,,,,,watts.sp65@gmail.com,,Oxford,OX1 5LR,20/04/2026 13:20,Carpenter / Joiner,Unknown,,https://www.facebook.com/p/SW-Carpentry-61579282350276/,,No,,,,,,,,,
EJ Carpentry | Oxford,,,,,,ej_carpentry@outlook.com,,Oxford,,20/04/2026 13:20,Carpenter / Joiner,Unknown,,https://www.facebook.com/EJ-Carpentry-103605877646669/,,No,,,,,,,,,
F. Gomm Carpentry | Bledington,,,,,,fred1st@hotmail.co.uk,,Bledington,,20/04/2026 13:20,Carpenter / Joiner,Unknown,,https://www.facebook.com/FGommcarpentry/,,No,,,,,,,,,
Rokins Joinery | Abingdon,,,,,,rokinsjoinery@gmail.com,,Abingdon,OX13 6QH,20/04/2026 13:30,Carpenter / Joiner,Unknown,,https://www.facebook.com/ROKINSJOINERY/,,No,,,,,,,,,
SJ Carpentry and General Maintenance Oxfordshire | Abingdon,,,,,,sjjcarpentryenquiries@gmail.com,,Abingdon,,20/04/2026 13:30,Carpenter / Joiner,Unknown,,https://www.facebook.com/p/SJ-Carpentry-and-General-Maintenance-Oxfordshire-100065200372751/,,No,,,,,,,,,
Pinnacle Carpentry Services Ltd | Banbury,,,,,9794771,pinnaclecarpentryservices@gmail.com,,Banbury,,20/04/2026 13:30,Carpenter / Joiner,Unknown,,https://www.facebook.com/p/Pinnacle-Carpentry-Services-Ltd-100063533258760/,,No,,,,,,,,,
M R Tiling | Warminster,,,,,,michael.pearl3@googlemail.com,,Warminster,,20/04/2026 14:30,Tiler,Unknown,,https://www.facebook.com/p/M-R-Tiling-100057428710009/,,No,,,,,,,,,
Cube Ceramics | Bristol,,,,,11165425,pablostains@msn.com,,Bristol,,20/04/2026 14:30,Tiler,Unknown,,https://www.facebook.com/paulwixen1/,,No,,,,,,,,,
Southern Edge Tiling | Bristol,,,,,,southernedgefinishes@outlook.com,,Bristol,BS13 8RD,20/04/2026 14:30,Tiler,Unknown,,https://www.facebook.com/p/Southern-Edge-Tiling-100063801805303/,,No,,,,,,,,,
Quality Tiling SW | Plymouth,,,,,,iamcdon@icloud.com,,Plymouth,PL6 5SG,20/04/2026 14:40,Tiler,Unknown,,https://www.facebook.com/iamcdon/,,No,,,,,,,,,
D.F. Tiling,,,,,,dftiling0@gmail.com,,,,20/04/2026 14:40,Tiler,Unknown,,https://www.facebook.com/p/DF-Tiling-100064928232124/,,No,,,,,,,,,
Approved roofing,,,,,11114358,approved_roofing@hotmail.com,,,,20/04/2026 15:30,Roofer,Unknown,,https://www.facebook.com/approvedroofing1/,,No,,,,,,,,,
Inwood Roofs | Bristol,,,,,16052078,inwoodroofs@hotmail.com,,Bristol,BS16 4DU,20/04/2026 15:30,Roofer,Unknown,,https://www.facebook.com/InwoodRoofing/,,No,,,,,,,,,
ASA Roofing | Bristol,,,,,,asaroofingbristol@gmail.com,,United Kingdom,,20/04/2026 15:30,Roofer,Unknown,,https://www.facebook.com/ASA.Roofing.Bristol/,,No,,,,https://www.checkatrade.com/trades/ASARoofing938101,,,,,
Over the top roofing & property maintenance,,,,,13447636,specialist4roofing@gmail.com,,,,20/04/2026 15:40,Roofer,Unknown,,https://www.facebook.com/overthetop23/,,No,,,,,,,,,
4 Season Roofing & Development  | Bristol,,,,,11550515,4seasonsdevelop@gmail.com,,Bristol,,20/04/2026 15:40,Roofer,Unknown,,https://www.facebook.com/p/4-Season-Roofing-Development-100089611926471/,,No,,,,,,,,,
"KJ's General Services & Maintenance | Cabot, Bristol",,,,,,orchard96@icloud.com,,Bristol,,20/04/2026 15:50,Roofer,Unknown,,https://www.facebook.com/kjservices96/,,No,,,,,,,,,
Roof Wise Roofing Services,,,,,12676093,roofwiseroofingservices@outlook.com,,,,20/04/2026 15:50,Roofer,Unknown,,https://www.facebook.com/p/Roof-Wise-Roofing-Services-100067391067148/,,No,,,,,,,,,
Holbrook Roofing  | Bristol,,,,,14316493,holbrookroofingbristol@outlook.com,,Bristol,BS16 9DY,20/04/2026 15:50,Roofer,Unknown,,https://www.facebook.com/p/Holbrook-Roofing-100086968412359/,,No,,,,,,,,,
RB Roofing & Landscaping | Bristol,,,,,,rob.bess2307@gmail.com,,Bristol,BS16 5JS,20/04/2026 16:00,Roofer,Unknown,,https://www.facebook.com/rbroofinghotmailcom/,,No,,,,,,,,,
Young's Electrical - Southwest | Bristol,,,,,,youngselectricalsw@gmail.com,,United Kingdom,,20/04/2026 16:50,Electrician,Unknown,,https://www.facebook.com/youngselectricalsw/,,No,,,,,,,,,
Feldman Electrical,,,,,,feldmanelectrical@gmail.com,,,,20/04/2026 17:00,Electrician,Unknown,,https://www.facebook.com/feldmanelectrical/,,No,,,,,,,,,
Ian Marcovitch Electrical Services | Bristol,,,,,SC580597,imesinfo2@gmail.com,,Bristol,,20/04/2026 17:10,Electrician,Unknown,,https://www.facebook.com/IanMarcovitchElectricalServices/,,No,,,,,,,,,
Jet Elec Services Ltd | Bristol,,,,,11133303,jetelecservices@hotmail.com,,United Kingdom,,20/04/2026 17:10,Electrician,Unknown,,https://www.facebook.com/jetelec/,,No,,,,,,,,,
Falco Electrical,,,,,14048727,falcoelectrical@icloud.com,,,,20/04/2026 17:10,Electrician,Unknown,,https://www.facebook.com/falcoelectricalltd/,,No,,,,,,,,,
Projects Electrical Services,,,,,14286754,contact@projectselectrical.co.uk,,,,20/04/2026 17:20,Electrician,Unknown,,https://www.facebook.com/projectselectrical/,,No,,,,,,,,,
Burton Electrical Services,,,,,16369842,luke@elitefe.co.uk,,,,20/04/2026 17:20,Electrician,Unknown,,https://www.facebook.com/p/Burton-Electrical-Services-100090923330447/,,No,,,,,,,,,
Wright Plumbing And Heating | Bristol,,,,,,wrightplumbingandheating@outlook.com,,Bristol,BS36 1LE,20/04/2026 18:10,Plumber,Unknown,,https://www.facebook.com/wrightplumbingandheating94/,,No,,,,,,,,,
CKB Plumbing & Heating Ltd. | Bristol,,,,,,caubrey1@sky.com,,Bristol,BS35 4QF,20/04/2026 18:10,Plumber,Unknown,,https://www.facebook.com/CkbPlumbingHeating/,,No,,,,,,,,,
PipeTec Plumbing & Heating | Bristol,,,,,,pipetec-plumbing@hotmail.com,,Bristol,,20/04/2026 18:10,Plumber,Unknown,,https://www.facebook.com/PipeTecplumbingHeating/,,No,,,,,,,,,
CJM Plumbing & Heating Services. | Bristol,,,,,,cjmplumbers@gmail.com,,Bristol,GL12 8EW,20/04/2026 18:10,Plumber,Unknown,,https://www.facebook.com/CJMPlumbers/,,No,,,,,,,,,
"Reliable Ru’s Plumbing, electrical & general maintenance  | Bristol",,,,,,reliableru@hotmail.com,,Bristol,,20/04/2026 18:20,Plumber,Unknown,,https://www.facebook.com/p/Reliable-Rus-Plumbing-electrical-general-maintenance-100094206545554/,,No,,,,,,,,,
J.P Heating and Plumbing | Bristol,,,,,,jpheatingplumbing22@gmail.com,,Bristol,,20/04/2026 18:20,Plumber,Unknown,,https://www.facebook.com/j.p.heatingplumbing22/,,No,,,,,,,,,
The Plumbing Company Ltd,,,,,,rich@theplumbingcompanyltd.co.uk,,Church Road,BS36 1BY,20/04/2026 18:20,Plumber,Unknown,,https://www.facebook.com/p/The-Plumbing-Company-Ltd-100063607912688/,,No,,,,,,,,,
KNIGHT PLUMBING & HEATING | Bristol,,,,,11799924,knightplumbingandheating@outlook.com,,Bristol,BS16 7AU,20/04/2026 18:20,Plumber,Unknown,,https://www.facebook.com/p/KNIGHT-PLUMBING-HEATING-100063580000243/,,No,,,,,,,,,
KH Plumbing & Gas | Bristol,,,,,,khplumbingandgas@hotmail.com,,Bristol,BS30 5XN,20/04/2026 18:30,Plumber,Unknown,,https://www.facebook.com/p/KH-Plumbing-Gas-100068448487899/,,No,,,,,,,,,
Meaders Plumbing,,,,,,joemead75@gmail.com,,,,20/04/2026 18:30,Plumber,Unknown,,https://www.facebook.com/p/Meaders-Plumbing-61578627691913/,,No,,,,,,,,,
MJ Edden Plumbing & Heating | Bristol,,,,,,mj.heating@blueyonder.co.uk,,Bristol,BS48 4QW,20/04/2026 18:30,Plumber,Unknown,,https://www.facebook.com/MjEddenPlumbingHeating/,,No,,,,,,,,,
Seager's Plumbing and heating | Bristol,,,,,,seagers81@gmail.com,,Bristol,,20/04/2026 18:30,Plumber,Unknown,,https://www.facebook.com/p/Seagers-Plumbing-and-heating-100063524589931/,,No,,,,,,,,,
JH Plumbing | Bristol,,,,,,infojhplumbing@gmail.com,,Bristol,BS37 8TW,20/04/2026 18:40,Plumber,Unknown,,https://www.facebook.com/p/JH-Plumbing-100094533116208/,,No,,,,,,,,,
Unrivalled Energy Ltd | Bristol,,,,,,jake@unrivalledheating.co.uk,,United Kingdom,,20/04/2026 18:40,Plumber,Unknown,,https://www.facebook.com/unrivalledphltd/,,No,,,,,,,,,
Unique heat | Bristol,,,,,,mike@uniqueheat.co.uk,,Bristol,BS15 1QY,20/04/2026 18:40,Plumber,Unknown,,https://www.facebook.com/uniqueheatltd/,,No,,,,,,,,,
BDD plumbing and heating ltd | Bristol,,,,,,bddplumbingandheating@hotmail.com,,Bristol,,20/04/2026 18:40,Plumber,Unknown,,https://www.facebook.com/bddplumbingheating/,,No,,,,,,,,,
Swiss Plumbing and Heating | Bristol,,,,,,hello@swissplumbing.co.uk,,Bristol,BS3 2RS,20/04/2026 18:40,Plumber,Unknown,,https://www.facebook.com/SwissPlumbingandHeating/,,No,,,,,,,,,
Paul Flook Plumbing And Heating | Bristol,,,,,,paulalan@hotmail.co.uk,,Bristol,BS30 8AA,20/04/2026 18:50,Plumber,Unknown,,https://www.facebook.com/paulalanflook/,,No,,,,,,,,,
Harding plumbing services | Bristol,,,,,,info@hardingplumbingservices.com,,United Kingdom,,20/04/2026 18:50,Plumber,Unknown,,https://www.facebook.com/hardingplumbingservices/,,No,,,,,,,,,
T.I.M Home & Garden Services,,,,,16800921,timhomeandgarden@outlook.com,,,,05/05/2026 12:00,Handyman,Unknown,,https://www.facebook.com/TIMhomegarden/,,No,,,,,,,,,
DW Property Maintenance | Salisbury,,,,,15581889,dwpropertymaintenance25@gmail.com,,United Kingdom,,05/05/2026 12:00,Handyman,Unknown,,https://www.facebook.com/p/DW-Property-Maintenance-100078634395928/,,No,,,,,,,,,
JW Drop Kerbs & Surfacing Somerset | Bath,,,,,,jansonw1234@outlook.com,,Bath,BA3 3DW,05/05/2026 15:30,Driveway / Paving Contractor,Unknown,,https://www.facebook.com/people/JW-Drop-Kerbs-Surfacing-Somerset/100065490879530/,,No,,,,,,,,,
Blade plastering & home improvements Reels,,,,,,bladeplasteringservices@hotmail.co.uk,,Killingworth,,05/05/2026 16:01,Plasterer,Unknown,,https://www.facebook.com/bladeplasteringhis/reels/,,No,,,,,,,,,
CPM Plastering | Bath,,,,,17153241,cpmplastering1@outlook.com,,Bath,,05/05/2026 16:01,Plasterer,Unknown,,https://www.facebook.com/cpmplastering1/,,No,,,,,,,,,
Parkview Painting and Decorating | Bath,,,,,,parkviewpaintinganddecorating@gmail.com,,Bath,BA3 2NT,05/05/2026 16:40,Painter & Decorator,Unknown,,https://www.facebook.com/p/Parkview-Painting-and-Decorating-100083121073230/,,No,,,,,,,,,
Sean Little Painting & Decorating,,,,,,slpd21@outlook.com,,,,05/05/2026 16:40,Painter & Decorator,Unknown,,https://www.facebook.com/Sean.Little.Painting.and.Decorating/,,No,,,,,,,,,
S. Bean Joinery,,,,,,simonbeanjoinery@gmail.com,,,,05/05/2026 17:10,Carpenter / Joiner,Unknown,,https://www.facebook.com/simonbeanjoinery/,,No,,,,,,,,,
Fullerton Joiners and Builders,,,,,SC505194,fullertonjoinersandbuilders@gmail.com,,,,05/05/2026 17:10,Carpenter / Joiner,Unknown,,https://www.facebook.com/FullertonFJB/,,No,,,,,,,,,
Down Street Building & joinery | Saintfield,,,,,,david.campbell2@me.com,,Saintfield,,05/05/2026 17:10,Carpenter / Joiner,Unknown,,https://www.facebook.com/p/Down-Street-Building-joinery-100054510787268/,,No,,,,,,,,,
Frontier Tiling,,,,,,frontiertiling@gmail.com,,,,05/05/2026 17:40,Tiler,Unknown,,https://www.facebook.com/furnitureFRONTIER/,,No,,,,,,,,,
Signature Tiling,,,,,SC498320,signature-tiling@hotmail.com,,Durham,,05/05/2026 17:40,Tiler,Unknown,,https://www.facebook.com/SigTiling/mentions/,,No,A - Established,,,,,wave 2,NB-0024,outreach,email
Next-Gen-Tiling,,,,,,next-gen-tiling@hotmail.com,,,,05/05/2026 17:40,Tiler,Unknown,,https://www.facebook.com/ngtiling/,,No,,,,,,,,,
SW Tiling,,,,,,swtiling1@outlook.com,,,,05/05/2026 17:41,Tiler,Unknown,,https://www.facebook.com/swtiling1/,,No,,,,,,,,,
Paul Kelly Plumbing & Heating,,,,,NI667843,paulkellyplumbingheating@gmail.com,,,,05/05/2026 19:50,Gas Engineer / Boiler Installer,Unknown,,https://www.facebook.com/PaulKellyPlumbers/,,No,,,,,,,,,
Stress Free Plumbing & Heating,,,,,9157393,stressfreeheating@gmail.com,,,,05/05/2026 19:50,Gas Engineer / Boiler Installer,Unknown,,https://www.facebook.com/powerflushingnorthwest/,,No,,,,,,,,,
Tap Bath Bristol Ltd,,,,,14576628,info@tapbathbristol.co.uk,,,,05/05/2026 19:51,Gas Engineer / Boiler Installer,Unknown,,https://www.facebook.com/TapBathBristol/,,No,,,,,,,,,
Seb Heating Plumbing and Electrical | Bath,,,,,,sebheatingplumbing@gmail.com,,Bath,BA2 2UP,05/05/2026 20:00,Gas Engineer / Boiler Installer,Unknown,,https://www.facebook.com/p/Seb-Heating-Plumbing-and-Electrical-100054650850522/,,No,,,,,,,,,
Rochdale Boiler & Bathroom Installations,,,,,,lancapp@mail.com,,,,05/05/2026 20:00,Gas Engineer / Boiler Installer,Unknown,,https://www.facebook.com/bespokebathroominstallationsmikeslattery/,,No,,,,,,,,,
Handyman,,,,,,bradjisaac@yahoo.co.uk,,,,05/05/2026 20:30,Handyman,Unknown,,https://www.facebook.com/bradleythehandyman/,,No,,,,,,,,,
Niche Bathroom and Kitchen,,,,,,ellen@nichebathroomandkitchen.com,,,,05/05/2026 21:30,Kitchen Fitter,Unknown,,https://www.facebook.com/ellenatniche/,,No,,,,https://www.instagram.com/nichebathroomandkitchen/,,,,,
J.R Richman Building & plant hire services | Street,,,,,,jrrichmanhomeimprovements@gmail.com,,Street,BA16 0TU,05/05/2026 22:30,Loft Conversion / Extension Builder,Unknown,,https://www.facebook.com/J.R.Richman/,,No,,,,,,,,,
F and R Building | Taunton,,,,,,fandrbuild@outlook.com,,Taunton,,05/05/2026 22:31,Loft Conversion / Extension Builder,Unknown,,https://www.facebook.com/p/F-and-R-Building-61554739755347/,,No,,,,,,,,,
Meins Property Renovation & Landscaping,,,,,,meinsgardens@gmail.com,,,,05/05/2026 23:01,Landscaper / Garden Designer,Unknown,,https://www.facebook.com/Meinslandscaping/,,No,,,,https://twitter.com/Meinsgardens,,,,,
Four Seasons Garden Design & Maintenance | Yeovil,,Mathew Dwyer,,,9980451,mattdyer26@hotmail.com,,United Kingdom,,05/05/2026 23:10,Landscaper / Garden Designer,Unknown,,https://www.facebook.com/MatthewDyer1980/,,No,A - Established,,,,,wave 2,NB-0025,outreach,email
Steve4Yatton,,,,,,steve.bridger@n-somerset.gov.uk,,,,05/05/2026 23:10,Landscaper / Garden Designer,Unknown,,https://www.facebook.com/Steve4Yatton/,,No,,,,,,,,,
Bayliss Landscaping & Contracting | Yeovil,,,,,,baylisslandscapes@aol.com,,Yeovil,BA22 9QL,05/05/2026 23:11,Landscaper / Garden Designer,Unknown,,https://www.facebook.com/BaylissLandscapingContracting/,,No,,,,,,,,,
CresswellPlastering | Bridgwater,,,,,,dcresswelltrade@gmail.com,,Bridgwater,,06/05/2026 00:10,Plasterer,Unknown,,https://www.facebook.com/p/CresswellPlastering-100089188931882/,,No,,,,,,,,,
James plastering & rendering | Bridgwater,,,,,,jamesplastering1@outlook.com,,Bridgwater,,06/05/2026 00:10,Plasterer,Unknown,,https://www.facebook.com/p/James-plastering-rendering-100068170787192/,,No,,,,,,,,,
LDA Plastering | Banwell,,,,,,ldaplastering@hotmail.com,,Banwell,,06/05/2026 00:10,Plasterer,Unknown,,https://www.facebook.com/p/LDA-Plastering-100085938918393/,,No,,,,,,,,,
Promain Plastering  | Yeovil,,,,,,promainplastering@gmail.com,,Yeovil,,06/05/2026 00:11,Plasterer,Unknown,,https://www.facebook.com/promainplastering/,,No,,,,,,,,,
BP Plastering | Weston-super-Mare,,,,,16642210,bpplastering@icloud.com,,Weston-super-Mare,,06/05/2026 00:11,Plasterer,Unknown,,https://www.facebook.com/p/BP-Plastering-100071737323872/,,No,D - New Entrant,,,,,,,,
Mark Pearson Painter & Decorator,,,,,9056085,markp@madasafish.com,,,,06/05/2026 00:50,Painter & Decorator,Unknown,,https://www.facebook.com/MarkPearsonPainter/,,No,A - Established,,,,,,,,
Paul T Nicholson Classic Painter,,,,,,nicholsont.paul@gmail.com,,,BS21 6EA,06/05/2026 00:50,Painter & Decorator,Unknown,,https://www.facebook.com/p/Paul-T-Nicholson-Classic-Painter-100055132911549/,,No,,,,,,,,,
Gareth Partridge Painter and Decorating Services & Carpet Cleaning Services | Yeovil,,,,,,partridge858@gmail.com,,Yeovil,BA22 9UQ,06/05/2026 00:50,Painter & Decorator,Unknown,,https://www.facebook.com/p/Gareth-Partridge-Painter-and-Decorating-Services-Carpet-Cleaning-Services-61575603144414/,,No,,,,,,,,,
Blundell Decorators,,,,,,wblundell610@btinternet.com,,,,06/05/2026 00:51,Painter & Decorator,Unknown,,https://www.facebook.com/BlundellDecorators/,,No,,,,https://www.Checkatrade.com/trades/BlundellDecorators,,,,,
Shades of colour Somerset,,,,,16495121,shadesofcolour@hotmail.com,,,,06/05/2026 00:51,Painter & Decorator,Unknown,,https://www.facebook.com/shadesofcoloursomerset/,,No,D - New Entrant,,,,,,,,
"Dan Harvey, Painting & Decorating Services",,,,,,danielharvey584@gmail.com,,,,06/05/2026 01:00,Painter & Decorator,Unknown,,https://www.facebook.com/p/Dan-Harvey-Painting-Decorating-Services-100080029762360/,,No,,,,,,,,,
C.Taylor Carpentry & Building,,,,,10082383,ctconstruction.sw@gmail.com,,United Kingdom,,06/05/2026 01:30,Carpenter / Joiner,Unknown,,https://www.facebook.com/ctaylorcarpentryandbuilding/mentions/,,No,A - Established,,,,,,,,
apache_carpentry,,,,,,info@apache-carpentry.co.uk,,,,06/05/2026 01:30,Carpenter / Joiner,Unknown,,https://www.facebook.com/apache.carpentry/,,No,,,,,,,,,
RH Carpentry and Construction | Taunton,,,,,,rymads@hotmail.co.uk,,Taunton,TA2 8FL,06/05/2026 01:31,Carpenter / Joiner,Unknown,,https://www.facebook.com/p/RH-Carpentry-and-Construction-61550345814332/,,No,,,,,,,,,
MGB Carpentry & Building Services | Ilminster,,,,,,mgbbuildingservices@mail.com,,Ilminster,,06/05/2026 01:31,Carpenter / Joiner,Unknown,,https://www.facebook.com/p/MGB-Carpentry-Building-Services-100054348664827/,,No,,,,,,,,,
Jake Foster Carpentry | Taunton,,,,,,jakefostercarpentry@gmail.com,,Taunton,,06/05/2026 01:31,Carpenter / Joiner,Unknown,,https://www.facebook.com/JakeFosterCarpentry/,,No,,,,,,,,,
A.J Carpentry | Taunton,,,,,,ashbarnes87@hotmail.co.uk,,Taunton,,06/05/2026 01:40,Carpenter / Joiner,Unknown,,https://www.facebook.com/p/AJ-Carpentry-100094188294760/,,No,,,,,,,,,
Trojan Ceramics,,,,,,benbaker950@gmail.com,,,,06/05/2026 02:11,Tiler,Unknown,,https://www.facebook.com/Trojantilingbos/,,No,,,,,,,,,
Glastonbury Roofing | Glastonbury,,,,,,jasonhurford@hotmail.com,,United Kingdom,,06/05/2026 02:40,Roofer,Unknown,,https://www.facebook.com/Hurfordroofing/,,No,,,,,,,,,
Js Electrical | Yeovil,,,,,7547425,jamessteele82@tiscali.co.uk,,United Kingdom,,06/05/2026 03:20,Electrician,Unknown,,https://www.facebook.com/JsElectricalwestcoker/,,No,A - Established,,,,,,,,
Kelly Plumbing Heating & Gas | Weston-super-Mare,,,,,,kierankelly1976@hotmail.co.uk,,United Kingdom,,06/05/2026 04:01,Plumber,Unknown,,https://www.facebook.com/kellyplumbheatgas/,,No,,,,https://www.checkatrade.com/trades/kellyplumbingheatingandgas280331,,,,,
"Gas & Renewable Services | Somerton, Somerset",,,,,,chrisroodgrs@gmail.com,,Somerset,TA11 7DQ,06/05/2026 04:30,Gas Engineer / Boiler Installer,Unknown,,https://www.facebook.com/Gasandrenewableservices/,,No,,,,,,,,,
Commando Gas,,,,,,leighhancox@me.com,,,,06/05/2026 04:30,Gas Engineer / Boiler Installer,Unknown,,https://www.facebook.com/p/Commando-Gas-61567102748558/,,No,,,,,,,,,
CK Cleaning  | Cheddon Fitzpaine,,,,,,ckpresstoimpress@gmail.com,,Cheddon Fitzpaine,,06/05/2026 05:31,Commercial Cleaner,Unknown,,https://www.facebook.com/p/CK-Cleaning-61551942035297/,,No,,,,,,,,,
Sjphome | Gloucester,,,,,,sjphome@hotmail.co.uk,,Gloucester,GL2 0JF,06/05/2026 06:10,Kitchen Fitter,Unknown,,https://www.facebook.com/ilovewood.carpenter/,,No,,,,,,,,,
Chalford Interiors,,,,,,shane@chalfordbuilding.co.uk,,Stroud,GL6 8NT,06/05/2026 06:11,Kitchen Fitter,Unknown,,https://www.facebook.com/Chalfordinteriors/mentions/,,No,,,,,,,,,
G-city carpentry & building | Gloucester,,,,,,gcity.builders@gmail.com,,United Kingdom,,06/05/2026 06:11,Kitchen Fitter,Unknown,,https://www.facebook.com/p/G-city-carpentry-building-100090585291630/,,No,,,,,,,,,
Majestic Bathrooms & Kitchens | Gloucester,,,,,11829813,majestic.mbk1@gmail.com,,Gloucester,,06/05/2026 06:50,Bathroom Fitter,Unknown,,https://www.facebook.com/p/Majestic-Bathrooms-Kitchens-100057696346669/,,No,B - Growth Phase,,,,,,,,
Little and Large Plumbing and Heating | Gloucester,,,,,,littleandlargeplumbingandheating@hotmail.co.uk,,Gloucester,GL3 4JR,06/05/2026 06:51,Bathroom Fitter,Unknown,,https://www.facebook.com/littleandlargeplumbing/,,No,,,,,,,,,
JBJ electrical & Property Maintenance,,,,,13894179,jbjelectricalltd@icloud.com,,,,06/05/2026 07:20,Loft Conversion / Extension Builder,Unknown,,https://www.facebook.com/JBJelectrical/,,No,B - Growth Phase,,,,,,,,
Greenline Building,,,,,,bob_adams95@hotmail.co.uk,,,,06/05/2026 07:30,Loft Conversion / Extension Builder,Unknown,,https://www.facebook.com/greenlinebuildingcompany/,,No,,,,,,,,,
D J B Construction | Gloucester,,,,,,davidberry778@googlemail.com,,Gloucester,,06/05/2026 07:40,Loft Conversion / Extension Builder,Unknown,,https://www.facebook.com/DavidJBerryConstruction/,,No,,,,,,,,,
DRP Home and Garden | Chepstow,,,,,,drphomeservices@gmail.com,,Chepstow,NP16 7BQ,06/05/2026 08:10,Landscaper / Garden Designer,Unknown,,https://www.facebook.com/drphomeandgarden/,,No,,,,,,,,,
Pugh's Landscaping | Dursley,,,,,,pughsgardens@hotmail.com,,Dursley,,06/05/2026 08:11,Landscaper / Garden Designer,Unknown,,https://www.facebook.com/PughsLandscaping/,,No,,,,,,,,,
Peter Hollins. Building & Landscaping | Hereford,,,,,,phollins@aol.com,,United Kingdom,,06/05/2026 08:30,Landscaper / Garden Designer,Unknown,,https://www.facebook.com/p/Peter-Hollins-Building-Landscaping-100063528882207/,,No,,,,,,,,,
Double Z Landscapes | Cheltenham,,,,,,doublezlandscapes@gmail.com,,Cheltenham,,06/05/2026 09:10,Driveway / Paving Contractor,Unknown,,https://www.facebook.com/doublezlandscapes/,,No,,,,,,,,,
JJP Plastering  | Frampton on Severn,,,,,,jjpplastering_jw@outlook.com,,Frampton on Severn,,06/05/2026 09:40,Plasterer,Unknown,,https://www.facebook.com/people/JJP-Plastering/100089017728907/,,No,,,,,,,,,
Cotswold Traditional Plastering & Building | Moreton in Marsh,,,,,,cotswoldtraditional@gmail.com,,United Kingdom,,06/05/2026 09:50,Plasterer,Unknown,,https://www.facebook.com/p/Cotswold-Traditional-Plastering-Building-100064687915879/,,No,,,,,,,,,
A.J Nevin Plastering Services,,,,,,eddthespreaduk@yahoo.co.uk,,,,06/05/2026 10:00,Plasterer,Unknown,,https://www.facebook.com/Ensignplastering/,,No,,,,,,,,,
Jack Preece Plastering  | Gloucester,,,,,,jackpreeceplastering@gmail.com,,Gloucester,,06/05/2026 10:00,Plasterer,Unknown,,https://www.facebook.com/p/Jack-Preece-Plastering-100089636040390/,,No,,,,,,,,,
True Perfection Decorating  | Yate,,,,,,trueperfectiondecorating@outlook.com,,Yate,,06/05/2026 10:30,Painter & Decorator,Unknown,,https://www.facebook.com/p/True-Perfection-Decorating-61556635784716/,,No,,,,,,,,,
CSP Decorating,,,,,,chris_perry6@outlook.com,,Bristol,,06/05/2026 10:30,Painter & Decorator,Unknown,,https://www.facebook.com/p/CSP-Decorating-100057157851738/,,No,,,,,,,,,
MT Painter and Decorator | Ledbury,,,,,,mtpainterdecorator@yahoo.com,,Ledbury,,06/05/2026 10:30,Painter & Decorator,Unknown,,https://www.facebook.com/P.D.MSTaylor/,,No,,,,,,,,,
M decorators | Stroud,,,,,,eryanengland@yahoo.co.uk,,Stroud,GL5 3TW,06/05/2026 10:30,Painter & Decorator,Unknown,,https://www.facebook.com/p/M-decorators-100063559810986/,,No,,,,,,,,,
H & H Decorators Gloucester  | Gloucester,,,,,,hhdecoratorsgloucester@hotmail.com,,Gloucester,,06/05/2026 10:30,Painter & Decorator,Unknown,,https://www.facebook.com/p/H-H-Decorators-Gloucester-61556787326393/,,No,,,,,,,,,
Toby Webb painting and decorating | Gloucester,,,,,,wendywebb58@hotmail.com,,Gloucester,GL3 2LH,06/05/2026 10:30,Painter & Decorator,Unknown,,https://www.facebook.com/p/Toby-Webb-painting-and-decorating-100057033357068/,,No,,,,,,,,,
ADL painter & decorators | Gloucester,,,,,,a.lewis1992@hotmail.co.uk,,Gloucester,,06/05/2026 10:40,Painter & Decorator,Unknown,,https://www.facebook.com/ADLpainters/,,No,,,,,,,,,
Simply Me Home | Staunton,,,,,,hello@simplymehome.co.uk,,Staunton,,06/05/2026 10:40,Painter & Decorator,Unknown,,https://www.facebook.com/simplyme.home/,,No,,,,,,,,,
Tyrrell Tiling & Painting | Gloucester,,,,,,jacobntyrrell@gmail.com,,Gloucester,GL3 4QR,06/05/2026 11:50,Tiler,Unknown,,https://www.facebook.com/p/Tyrrell-Tiling-Painting-61574378703301/,,No,,,,,,,,,
Bn roofing,,,,,,bnroofing1@outlook.com,,Gl51,,06/05/2026 12:20,Roofer,Unknown,,https://www.facebook.com/bnroofing/,,No,,,,,,,,,
Smith’s Roofing,,,,,,greg_smithsroofing@hotmail.com,,https://www.bing.com/maps/default.aspx?v=2&pc=FACEBK&mid=8100&FORM=FBKPL1&mkt=en-US,,06/05/2026 12:30,Roofer,Unknown,,https://www.facebook.com/smithsroofinghfd/,,No,,,,,,,,,
L.E.R Electrical Contractor | Gloucester,,,,,,leeedward123@live.co.uk,,Gloucester,GL4 3AZ,06/05/2026 13:10,Electrician,Unknown,,https://www.facebook.com/p/LER-Electrical-Contractor-61551091625613/,,No,,,,,,,,,
A.C.E Electrical | Wotton-under-Edge,,,,,,a.c.e.electrical24@gmail.com,,Wotton-under-Edge,GL12 8LT,06/05/2026 13:30,Electrician,Unknown,,https://www.facebook.com/p/ACE-Electrical-61555330823316/,,No,,,,,,,,,
AMC Services | Gloucester,,,,,9447782,amcservices6@outlook.com,,Gloucester,,06/05/2026 13:40,Electrician,Unknown,,https://www.facebook.com/AMCServices6/,,No,A - Established,,,,,,,,
Light Work elec. | Stroud,,,,,,jamie-flagg@hotmail.com,,Stroud,,06/05/2026 13:40,Electrician,Unknown,,https://www.facebook.com/Lightworkelec/,,No,,,,,,,,,
Luke cole electrical services | Lydney,,,,,,lukecole.electrical@icloud.com,,United Kingdom,,06/05/2026 13:50,Electrician,Unknown,,https://www.facebook.com/lukecoleelectrical/,,No,,,,,,,,,
Harris Plumbing & Heating | Gloucester,,,,,14340382,t.harrisplumbing@hotmail.com,,Gloucester,,06/05/2026 14:20,Plumber,Unknown,,https://www.facebook.com/p/Harris-Plumbing-Heating-61573189553068/,,No,B - Growth Phase,,,,,,,,
Lewis prince plumbing | Cheltenham,,,,,,lewisprince44@gmail.com,,Cheltenham,,06/05/2026 14:20,Plumber,Unknown,,https://www.facebook.com/lewisprinceplumbing/,,No,,,,,,,,,
T&P Plumbing and Maintenance | Ross on Wye,,,,,,tap-plumbing@outlook.com,,Ross on Wye,HR9 5UY,06/05/2026 14:30,Plumber,Unknown,,https://www.facebook.com/p/TP-Plumbing-and-Maintenance-61573212397369/,,No,,,,,,,,,
K M Heating & Plumbing  | Drybrook,,,,,,kmheatingandplumbing@gmail.com,,Drybrook,GL17 9JP,06/05/2026 14:40,Plumber,Unknown,,https://www.facebook.com/p/K-M-Heating-Plumbing-100091791297584/,,No,,,,,,,,,
Rise and Shine Gloucestershire | Charfield,,,,,,riseandshinegloucestershire@hotmail.com,,Charfield,GL12 8TF,06/05/2026 16:30,Commercial Cleaner,Unknown,,https://www.facebook.com/p/Rise-and-Shine-Gloucestershire-61576800253770/,,No,,,,,,,,,
VAN MAN Gloucester | Gloucester,,,,,,aquawindowandpropertyservices@outlook.com,,Gloucester,GL1 2EE,06/05/2026 16:30,Commercial Cleaner,Unknown,,https://www.facebook.com/vanandmangloucester/,,No,,,,,,,,,
Magic wands cleaning services | Gloucester,,,,,,magicwandscleaningservices@gmail.com,,Gloucester,,06/05/2026 16:40,Commercial Cleaner,Unknown,,https://www.facebook.com/p/Magic-wands-cleaning-services-100094617726080/,,No,,,,,,,,,
